{
  "folds": [
    {
      "pr_auc": 0.08153555467441417,
      "roc_auc": 0.8146566465208999,
      "prec_at_k": 0.11176470588235295,
      "k": 850,
      "best_iter": 137
    },
    {
      "pr_auc": 0.05861663242012771,
      "roc_auc": 0.7751077321450818,
      "prec_at_k": 0.07213114754098361,
      "k": 915,
      "best_iter": 56
    },
    {
      "pr_auc": 0.07197828153745467,
      "roc_auc": 0.7903344193056964,
      "prec_at_k": 0.09166666666666666,
      "k": 1320,
      "best_iter": 46
    }
  ],
  "avg_pr_auc": 0.07071015621066552,
  "avg_best_iter": 79
}